<?xml version="1.0" encoding="UTF-8"?>
<server description="new server">

    <webApplication location="jsf-client-1.0-SNAPSHOT.war" contextRoot="/${app.context.root}"/>

    <featureManager>
        <feature>jakartaee-9.1</feature>
        <feature>cdi-3.0</feature>
        <feature>restfulWS-3.0</feature>
        <feature>jsonb-2.0</feature>
        <feature>faces-3.0</feature>
        <feature>servlet-5.0</feature>
        <feature>mpRestClient-3.0</feature>
    </featureManager>

    <basicRegistry id="basic" realm="BasicRealm">
    </basicRegistry>

    <variable name="port" value="9080"/>
    <httpEndpoint id="defaultHttpEndpoint"
                  httpPort="${port}"/>

    <applicationManager autoExpand="true"/>

    <ssl id="defaultSSLConfig" trustDefaultCerts="true" />
</server>
