<?xml version="1.0" encoding="UTF-8"?>
<server description="new server">

    <featureManager>
        <feature>jakartaee-9.1</feature>
        <feature>cdi-3.0</feature>
        <feature>restfulWS-3.0</feature>
        <feature>jsonb-2.0</feature>
        <feature>mpConfig-3.0</feature>
        <feature>mpHealth-4.0</feature>
        <feature>persistenceContainer-3.0</feature>
    </featureManager>

    <basicRegistry id="basic" realm="BasicRealm">
    </basicRegistry>

    <variable name="port" value="9080"/>
    <httpEndpoint id="defaultHttpEndpoint"
                  httpPort="${port}"/>

    <applicationManager autoExpand="true"/>

    <ssl id="defaultSSLConfig" trustDefaultCerts="true" />
</server>
